{"A":"qwertyuioefg","B":"hallooo789","C":"fdsafghjklpqrstuvwxyz","D":"yuiopasdfghjklzxcvbnm","E":"cdexfrghijklmnopqrstuvyzxcv","F":"bcvdfghijklmnopqrstuvyzxcv"}
{"A":"qwertyuiopasdfghjkl","B":"zxcvbnmghijklpqrst","C":"fdsafghjklmnopqrstuvzyxcv","D":"yuiopasdfghjklzxcvbnm","E":"cdexfrghijklmnopqrstuvyzxcv","F":"bcvdfghijklmnopqrstuvyzxcv"}
{"A":"qwertyuiopasdfghjkl","B":"hallooo789","C":"fdsafghjklmnopqrstuvzyxcv","D":"yuiopasdfghjklzxcvbnm","E":"cdexfrghijklmnopqrstuvyzxcv","F":"bcvdfghijklmnopqrstuvyzxcv"}
{"A":"qwertyuiopasdfghjkl","B":"zxcvbnmghijklpqrst","C":"fdsafghjklmnopqrstuvzyxcv","D":"yuiopasdfghjklzxcvbnm","E":"cdexfrghijklmnopqrstuvyzxcv","F":"bcvdfghijklmnopqrstuvyzxcv"}
{"A":"qwertyuiopasdfghjkl","B":"hallooo789","C":"fdsafghjklmnopqrstuvzyxcv","D":"yuiopasdfghjklzxcvbnm","E":"cdexfrghijklmnopqrstuvyzxcv","F":"bcvdfghijklmnopqrstuvyzxcv"}
{"A":"qwertyuiopasdfghjkl","B":"zxcvbnmghijklpqrst","C":"fdsafghjklmnopqrstuvzyxcv","D":"yuiopasdfghjklzxcvbnm","E":"cdexfrghijklmnopqrstuvyzxcv","F":"bcvdfghijklmnopqrstuvyzxcv"}
{"A":"qwertyuiopasdfghjkl","B":"hallooo789","C":"fdsafghjklmnopqrstuvzyxcv","D":"yuiopasdfghjklzxcvbnm","E":"cdexfrghijklmnopqrstuvyzxcv","F":"bcvdfghijklmnopqrstuvyzxcv"}
{"A":"qwertyuiopasdfghjkl","B":"zxcvbnmghijklpqrst","C":"fdsafghjklmnopqrstuvzyxcv","D":"yuiopasdfghjklzxcvbnm","E":"cdexfrghijklmnopqrstuvyzxcv","F":"bcvdfghijklmnopqrstuvyzxcv"}
{"A":"qwertyuiopasdfghjkl","B":"hallooo789","C":"fdsafghjklmnopqrstuvzyxcv","D":"yuiopasdfghjklzxcvbnm","E":"cdexfrghijklmnopqrstuvyzxcv","F":"bcvdfghijklmnopqrstuvyzxcv"}
{"A":"qwertyuiopasdfghjkl","B":"zxcvbnmghijklpqrst","C":"fdsafghjklmnopqrstuvzyxcv","D":"yuiopasdfghjklzxcvbnm","E":"cdexfrghijklmnopqrstuvyzxcv","F":"bcvdfghijklmnopqrstuvyzxcv"}
