{"A":"GlitteringFox935","B":"MysticalLake728","C":"SparklingRainbow842","D":"ShimmeringSunset610","E":"EnchantedForest491","F":"MagicalGarden369"}
{"A":"TwinklingStars102","B":"RadiantSky853","C":"GlimmeringWater731","D":"LuminousClouds342","E":"WhimsicalWoods411","F":"CharmingGlen198"}
{"A":"SpectacularSkyline915","B":"VibrantVista762","C":"MesmerizingOcean821","D":"InfiniteHorizon539","E":"TranquilBeach405","F":"SereneCove277"}
{"A":"EtherealMountains893","B":"NimbusNebula651","C":"LuminousRiver778","D":"SpectralIsland547","E":"HazyHeaven414","F":"StarryNight291"}
{"A":"PristineParadise1020","B":"LushOasis857","C":"IdyllicCoastline723","D":"TropicalUtopia599","E":"IncandescentIsland465","F":"BlissfulBay239"}
{"A":"CelestialCove984","B":"RadiantReef752","C":"LuminescentLagoon829","D":"SplendidSeafoam531","E":"GlowingGrotto408","F":"EnchantedEstuary275"}
{"A":"GlisteningGlade859","B":"ResplendentRidge726","C":"SparklingStreamside813","D":"LustrousLodge589","E":"IridescentIsland456","F":"CharmingCanyon231"}
{"A":"ShimmeringSands938","B":"VerdantValley714","C":"MesmerizingMeadow827","D":"LuminousLakeside591","E":"WhisperingWoodlands409","F":"GoldenGorge273"}
{"A":"EtherialEscape965","B":"TranscendentTrail732","C":"LuminousLostWorld809","D":"MythicalMoonlit577","E":"EnigmaticEden443","F":"MagicalMistyMorning299"}
{"A":" CelestialCascade876","B":"NebulousNature753","C":"LuminousLagoon840","D":"SpectacularShoreline587","E":"TranquilTidalPool462","F":"RavishingRainforest341"}
