{"A":"qybgrtfds","B":"wjhklsdfa","C":"zxcvbnmoo","D":"pqrstuvwn","E":"defghiij","F":"klmnopqrr"}
{"A":"yuorsofht","B":"lkajhfdtc","C":"efghijkln","D":"tujhbydrft","E":"avsdhflekg","F":"nbtcrtsdfl"}
{"A":"xerpiufhbe","B":"agmkltuwo","C":"bdfghjkln","D":"fgnbhkyui","E":"ofnhkjdsuf","F":"cteigrtsld"}
{"A":"rmlinkgted","B":"hfdkjsret","C":"dfeeghnikl","D":"jtfbbdhrgs","E":"iughffnnbs","F":"kmabcnrdfe"}
{"A":"qatrwbydf","B":"glorykaos","C":"qwertyuiop","D":"asdfghjkl","E":"zxcvbnmofp","F":"klnrpsdfth"}
{"A":"ynifunvub","B":"kewjsdrtc","C":"hfdsdfgkn","D":"pqrsutgyw","E":"oiuygbnbk","F":"lcedrfgnts"}
{"A":"yliputrme","B":"hreivadfs","C":"akjsdfghj","D":"fhbdtguks","E":"jhbndfgsur","F":"cteertsdb"}
{"A":"rqybloafh","B":"fslkjhdfa","C":"bdfghijk","D":"gfahytbuj","E":"nhbsvcklas","F":"gmttrsdfes"}
{"A":"muyhbyefr","B":"ekchksdrt","C":"dfghjklmn","D":"tfbdfghjkl","E":"ofnhkjdsul","F":"kmabcsdfhe"}
{"A":"tkuorsofh","B":"fjdkahsio","C":"dfghjklpq","D":"bdfghjklm","E":"iugbhfneko","F":"lcedrfgnti"}
