A	B	C	D	E	F
FantasticGooble	WonderfulSnurtle	SuperMagnifico	BrilliantWhirlybird	IncredibleFlibberloop	TerrificJigglemuffin
AmazingPuddlesplash	MarvelousSnoodlebug	FabulousFlumplenook	SensationalSnurfflewiff	RemarkableFloopernook	IncredibleBlooglewoot
VictoriousGizmotoad	TremendousSnirklepizzle	MagnificentFlabbergasmb	BlissfulSnoutbubble	SublimeFlickerfloss	RavishingGlittergloop
InspiringJumblesnorkel	MesmerizingSnurflewizard	EnchantedFloobydoodah	CharmingSnirklepopsicle	LuminousFlooperdink	RadiantGlimmerglitter
TantalizingTweedledum	CaptivatingSnoodlewhiskers	SpellbindingFlobberdiggle	GraciousSnufflewumpus	FascinatingFloopertweet	EnigmaticGlitterglop
ExquisiteFlabbergast	MysticalSnurfflewoot	BeautifulFloopernook	AdmirableSnoutbubble	IntriguingFlickerfloss	ProfoundGlittergloop
VeneratedGizmoquack	ResplendentSnirclesnout	RegalFlabbergasmb	NobleSnufflewumpus	MajesticFloopertweet	ReveredGlittergloop
LovelyLurcherpoof	CharmingSnirklepizzle	DelightfulFlabbergasmb	AmusingSnoutbubble	CheerfulFloopernook	SprightlyGlittergloop
GleefulGizmogobble	MirthfulSnirclesnout	JoyfulFlabbergasmb	HilariousSnufflewumpus	MerryFloopertweet	JubilantGlittergloop
JubilationJigglepop	ElationEmbiggenbox	Triumphtranscendspace	CelebrationSnurklewizard	GratitudeFloopertweet	BlissfulGlittergloop
