A	B	C	D	E	F
RandomString1	Value2	Number3	Letter4	Combination5	Code6
Sequence7	Word8	Numeric9	Character10	Phrase11	Symbol12
List13	String14	Integer15	SpecialChar16	URL17	Email18
Dictionary19	Date20	Array21	Boolean22	RegExp23	JSON24
Function25	Map26	Set27	Class28	Module29	Package30
Event31	Method32	Field33	Inheritance34	Polymorphism35	Encapsulation36
Variable37	Constant38	Type39	Operator40	Literal41	Indentation42
Modul43	Import44	Export45	Require46	Conflict47	Dependency48
Decorator49	Anonymous50	Inner51	Outer52	Hybrid53	Abstract54
Creator55	Destroyer56	Builder57	Destroyed58	Controller59	Manager60
