id,User_Name,Address,Mobile_Number,Gender
1,John Doe,"123 Main St, Anytown USA",555-1234,Male
2,Jane Smith,"456 Elm St, Anytown USA",555-5678,Female
3,Bob Johnson,"789 Oak St, Anytown USA",555-9012,Other
4,Alice Brown,"345 Maple St, Anytown USA",555-3456,Male
5,Charlie Green,"987 Park Ave, Anytown USA",555-7890,Other
6,David White,"101 Cherry St, Anytown USA",555-0987,Male
7,Emily Tanaka,"411 Wall St, Anytown USA",555-2345,Female
8,Frank Lee,"234 Forest St, Anytown USA",555-6789,Male
9,Helen Keller,"111 Liberty St, Anytown USA",555-5678,Other
10,Ivan Rodriguez,"321 Broadway St, Anytown USA",555-9012,Male
